SourceStimuliName,SourceStimuliNameArray,Brow Furrow,Cheek Raise,Inner Brow Raise,Lip Suck,Pitch
Happy,2,0.751989961,9.02E-06,0.384836912,12.00790787,-12.25613785
Happy,2,0.387636513,1.42E-05,0.435094208,7.580543518,-13.08184624
Happy,2,0.299396873,3.57E-05,0.376766503,6.392175198,-13.83405972
Happy,2,0.307247937,5.62E-05,0.333128512,7.258186817,-13.38040066
Happy,2,0.322942078,6.69E-05,0.356247872,8.364370346,-12.62557316
Happy,2,0.231994197,0.000103788,0.37478146,9.484660149,-13.28110504
Happy,2,0.23684743,0.000123688,0.376802444,8.605202675,-12.9199295
Happy,2,0.216773838,0.000112509,0.313390613,9.054873466,-13.02522469
Happy,2,0.251704365,0.000105882,0.274943739,7.705212593,-13.14638042
Happy,2,0.266578287,0.000117182,0.246954829,7.851360798,-12.22697544
Happy,2,0.26100719,0.000105486,0.220784053,7.516848087,-12.10183716
Happy,2,0.268823594,9.20E-05,0.22897251,7.480409622,-11.87313938
Happy,2,0.283247024,0.000105065,0.228061691,6.804403305,-12.44998932
Happy,2,0.29781571,0.000115273,0.248040617,6.200249195,-12.60423946
Happy,2,0.307011157,0.000119638,0.235549986,5.619456768,-12.30672455
Happy,2,0.297430009,0.000122092,0.239771396,5.416393757,-13.26621723
Happy,2,0.294876069,0.000122631,0.223745584,5.003195763,-13.27470684
Happy,2,0.27788049,0.000135296,0.227754191,5.164947987,-13.58228111
Happy,2,0.256045938,0.000163801,0.201161966,5.478671551,-13.27330685
Happy,2,0.235053211,0.000172343,0.21472241,5.376380444,-13.0691576
Happy,2,0.225278169,0.000175164,0.212391585,4.800192833,-13.3720417
Happy,2,0.209234044,0.000192668,0.196848735,4.525472164,-12.93673515
Happy,2,0.215085819,0.000209958,0.204607829,4.589137554,-13.26674652
Happy,2,0.246009871,0.000216482,0.222541884,4.377723217,-13.47960567
Happy,2,0.255010068,0.000236388,0.22561948,4.46856451,-12.38540936
Happy,2,0.254403055,0.000247292,0.24224022,4.102389336,-12.52680206
Happy,2,0.22280018,0.000258329,0.254304796,3.714681387,-13.00266457
Happy,2,0.20865421,0.000272725,0.23581098,3.445485115,-13.05372429
Happy,2,0.231445894,0.000230017,0.233725443,3.588137388,-13.43278885
Happy,2,0.242914662,0.000208229,0.217084512,3.608246803,-13.05125141
Happy,2,0.26669088,0.000176798,0.215107724,3.910172224,-14.15224934
Happy,2,0.244555652,0.000203502,0.206078827,3.900054932,-13.11013794
Happy,2,0.27145052,0.000217347,0.187710091,3.692324877,-13.05712891
Happy,2,0.273538858,0.000198314,0.172703922,3.494900465,-13.77098942
Happy,2,0.284558207,0.000203556,0.192080542,3.461692572,-13.46225548
Happy,2,0.279634386,0.00021834,0.176487222,3.05997324,-13.60818768
Happy,2,0.288863033,0.000203999,0.160452008,2.791717768,-13.11986446
Happy,2,0.281504273,0.000196927,0.158718273,2.504515648,-13.75110531
Happy,2,0.289017469,0.000205385,0.135199353,2.182157278,-13.65067196
Happy,2,0.277272522,0.000210099,0.130279064,1.916833639,-13.298069
Happy,2,0.287831515,0.000211945,0.136235461,1.738245606,-13.63228226
Happy,2,0.294609964,0.000228308,0.138258681,1.64207828,-14.1709404
Happy,2,0.299281895,0.000268662,0.131982833,1.753780723,-13.56675911
Happy,2,0.308532983,0.000302168,0.144804224,1.927785397,-14.33520985
Happy,2,0.310936779,0.00036975,0.132623315,2.240113974,-15.08429527
Happy,2,0.298686326,0.000493369,0.12443608,2.606235504,-13.21666241
Happy,2,0.27644366,0.000625154,0.124133624,2.813617706,-12.90390587
Happy,2,0.264503717,0.000746903,0.125195399,3.698147774,-13.39223766
Happy,2,0.259130359,0.000821279,0.134183139,4.790459633,-13.26709461
Happy,2,0.261011511,0.000898415,0.145519316,4.360117435,-13.24358463
Happy,2,0.261914313,0.001114794,0.153772101,3.187944651,-13.62363625
Happy,2,0.242810935,0.001457622,0.168322861,2.949590921,-13.58262348
Happy,2,0.234557033,0.001901182,0.193974435,2.322271824,-13.1422863
Happy,2,0.192659169,0.002624187,0.216171905,1.809836149,-13.96505737
Happy,2,0.143247858,0.004009752,0.207086816,1.298846841,-14.15055466
Happy,2,0.119643144,0.006357904,0.210134819,0.951633573,-14.34204292
Happy,2,0.106121644,0.010307479,0.199833632,0.758827925,-14.95851898
Happy,2,0.105561078,0.017382683,0.201101482,0.632906914,-15.50006771
Happy,2,0.096985415,0.029179789,0.218363896,0.543406188,-15.83398151
Happy,2,0.081665173,0.05951906,0.231997967,0.363170177,-14.91403866
Happy,2,0.068168417,0.118407018,0.257823199,0.228064075,-16.16775322
Happy,2,0.053479917,0.253757715,0.273699284,0.165319189,-16.48905182
Happy,2,0.04708473,0.445074141,0.295754284,0.115714133,-16.21841431
Happy,2,0.036857504,0.809643328,0.310264975,0.069448344,-16.00702667
Happy,2,0.033077117,1.583913088,0.344167888,0.040459875,-15.63067245
Happy,2,0.028146729,2.791312218,0.33839795,0.035922293,-15.72330189
Happy,2,0.025757285,4.740984917,0.341768533,0.03875903,-16.09612274
Happy,2,0.02487321,8.389870644,0.328789234,0.037765414,-16.41445351
Happy,2,0.024840957,14.37381172,0.32765609,0.041451342,-16.907938
Happy,2,0.024425471,23.04605675,0.31608066,0.0476567,-15.53997421
Happy,2,0.023716673,35.3662529,0.393649548,0.051743966,-15.91393471
Happy,2,0.021673761,48.63337708,0.449038804,0.065969788,-15.90902519
Happy,2,0.019516006,62.27190018,0.494706333,0.0686666,-16.17246819
Happy,2,0.018754564,72.81509399,0.525844276,0.07071536,-16.03787613
Happy,2,0.016866047,80.87702179,0.55771637,0.073205046,-15.87034798
Happy,2,0.016225036,86.08908844,0.585451066,0.083307154,-15.39141941
Happy,2,0.015300801,89.13243866,0.620830536,0.085706443,-16.51829147
Happy,2,0.016064443,91.91294861,0.71169734,0.086063489,-15.81681728
Happy,2,0.015644144,94.57775116,0.774796665,0.095695376,-16.54389191
Happy,2,0.014562979,96.47341919,0.865297616,0.097784594,-16.78443336
Happy,2,0.013737455,97.53372955,0.918623507,0.105597138,-16.07402039
Happy,2,0.013346684,98.17542267,1.010966063,0.116925851,-15.0083704
Happy,2,0.012134433,98.65270233,1.030457497,0.102976181,-14.0609808
Happy,2,0.01092592,98.87760925,1.056844354,0.095198952,-13.70541191
Happy,2,0.011107708,98.97863007,1.109813929,0.0913371,-12.98006725
Happy,2,0.012073228,98.99853516,1.379724622,0.082925446,-13.02284718
Happy,2,0.012394718,98.90557098,1.581361175,0.084004961,-12.97427464
Happy,2,0.013087496,98.81574249,1.864602447,0.076266088,-12.81747341
Happy,2,0.01332438,98.64723969,2.389101982,0.072340354,-12.99022579
Happy,2,0.01418197,98.40895081,2.982179642,0.063568391,-12.35068226
Happy,2,0.013967856,98.14955902,3.237276077,0.053799409,-13.58455849
Happy,2,0.014940597,97.78495789,3.676746607,0.045202941,-13.08645153
Happy,2,0.015789932,97.34220886,4.37884903,0.042002451,-12.76824284
Happy,2,0.016803123,96.95063019,5.093390465,0.036940135,-13.2278347
Happy,2,0.017753763,96.37259674,5.94459486,0.031482551,-13.46389389
Happy,2,0.018528458,95.8502655,6.212458611,0.029776223,-12.89328861
Happy,2,0.019034073,95.17683411,7.128654957,0.023416797,-12.34393883
Happy,2,0.018648075,94.45288086,8.671386719,0.022724327,-12.96681786
Happy,2,0.017852288,93.71446228,10.50205994,0.022686917,-11.96574688
Happy,2,0.016011028,92.8033371,11.09354115,0.020938858,-12.65860462
Happy,2,0.014079661,92.11102295,12.1852932,0.021758258,-12.28290844
Happy,2,0.012928285,91.30810547,12.1440382,0.02170687,-12.51983929
Happy,2,0.011425175,90.42895508,11.12013721,0.01935067,-12.07918358
Happy,2,0.010363202,89.52308655,10.29891014,0.018190917,-11.94146061
Happy,2,0.008537695,88.63316345,9.501791954,0.019804331,-11.96803379
Happy,2,0.007777663,87.44288635,8.771535873,0.020168109,-12.27160549
Happy,2,0.006903449,86.0402298,9.485519409,0.019625263,-12.3354826
Happy,2,0.005965333,84.99246216,8.884507179,0.022327071,-12.10381126
Happy,2,0.005360214,84.31973267,8.793644905,0.023247885,-12.13202953
Happy,2,0.004855708,83.25962067,8.44290638,0.025251731,-11.841506
Happy,2,0.004655069,82.05464935,7.554187775,0.02355833,-12.46025562
Happy,2,0.004136501,81.41593933,8.13630867,0.02375089,-12.6328249
Happy,2,0.003800078,80.80024719,7.967366219,0.026934044,-11.95760918
Happy,2,0.004121165,79.57831573,7.305198669,0.026655285,-12.66432858
Happy,2,0.004135219,79.49989319,6.773942947,0.027885154,-12.23906803
Happy,2,0.004177714,79.85666656,7.948055744,0.027040234,-11.68662167
Happy,2,0.004019334,80.71570587,7.929066658,0.027140602,-12.15248108
Happy,2,0.00404229,81.41614532,7.821851254,0.027047658,-13.18908119
Happy,2,0.003741565,82.07829285,8.369815826,0.031419825,-12.06908226
Happy,2,0.003874156,82.42563629,8.02163887,0.029141841,-12.76461506
Happy,2,0.003817024,83.91123962,8.273200035,0.029823668,-12.4295311
Happy,2,0.003883074,84.94837952,8.768112183,0.034718294,-12.83171177
Happy,2,0.004030235,85.79779053,8.359081268,0.039982669,-12.61438656
Happy,2,0.004017089,87.02819824,8.798715591,0.036117852,-12.11398697
Happy,2,0.003969571,87.58570862,8.362391472,0.032979283,-12.34946823
Happy,2,0.003898888,88.28623962,7.540633678,0.028809922,-13.71611977
Happy,2,0.003721981,88.84706879,8.607036591,0.034442019,-12.23533058
Happy,2,0.003650972,89.57246399,8.90719986,0.037485458,-12.33685875
Happy,2,0.003487943,90.1342392,7.988098621,0.039479557,-11.86805248
Happy,2,0.003263759,90.83036041,7.210633278,0.038922578,-13.19007206
Happy,2,0.003462458,91.43528748,7.559522152,0.037837088,-13.1231699
Happy,2,0.003352171,92.10371399,7.815695763,0.048108622,-13.2663784
Happy,2,0.003418096,92.35241699,6.695584297,0.04891381,-13.51598167
Happy,2,0.003487823,92.95384979,6.481926441,0.05235583,-13.20737362
Happy,2,0.003799259,93.32488251,6.843425274,0.051493991,-13.54121208
Sad,0,0.309675008,0.001964419,0.099162683,0.294712931,-19.57149887
Sad,0,0.272570312,0.007464487,0.077595651,0.443311065,-20.36993217
Sad,0,0.401276827,0.006389461,0.045384113,0.350031555,-19.81076813
Sad,0,0.671954453,0.003679294,0.039268963,0.300245404,-19.85081482
Sad,0,0.970133722,0.002166647,0.039597627,0.265357316,-18.84757614
Sad,0,1.509254098,0.001067475,0.048103951,0.262993872,-19.0850296
Sad,0,1.606215954,0.000427626,0.050340515,0.234234899,-19.80145073
Sad,0,1.977101564,0.000276631,0.053740904,0.260550648,-19.52626991
Sad,0,2.332174778,0.000209841,0.054365594,0.268471122,-20.21364212
Sad,0,3.703872442,0.000149304,0.054253988,0.229256898,-19.84630775
Sad,0,4.627017021,0.000122482,0.052426144,0.231914535,-19.92783546
Sad,0,5.778954983,9.24E-05,0.050771907,0.261561781,-19.5861721
Sad,0,7.218729973,9.39E-05,0.051366657,0.281210482,-19.43674088
Sad,0,8.061826706,9.18E-05,0.049880728,0.267275691,-19.39860344
Sad,0,9.266153336,8.23E-05,0.049471382,0.257538378,-19.54923058
Sad,0,10.85957146,8.31E-05,0.049871601,0.241286144,-20.12558365
Sad,0,10.90509796,8.76E-05,0.046729464,0.222089082,-19.38732719
Sad,0,11.76146603,9.20E-05,0.047460653,0.204230309,-19.33731842
Sad,0,12.20795155,8.93E-05,0.054738931,0.21107401,-19.04429626
Sad,0,12.80062103,8.95E-05,0.06791921,0.220072031,-18.06091118
Sad,0,12.5918932,9.61E-05,0.073572114,0.196772411,-18.83177948
Sad,0,13.40526867,8.89E-05,0.07341481,0.194207028,-19.1293354
Sad,0,14.286479,8.52E-05,0.069494165,0.209639356,-18.98810005
Sad,0,14.53116894,8.06E-05,0.073364384,0.217469916,-19.09876633
Sad,0,15.365242,7.79E-05,0.076896429,0.238829419,-19.07826042
Sad,0,15.6299963,7.65E-05,0.082033619,0.34379977,-19.57522964
Sad,0,14.92041111,6.32E-05,0.080172718,0.401611805,-18.78036499
Sad,0,15.4657383,5.29E-05,0.076455541,0.445150405,-19.2253418
Sad,0,15.27370453,4.62E-05,0.078356311,0.56886518,-19.44962883
Sad,0,15.23719692,4.41E-05,0.093661293,0.732430458,-18.77755928
Sad,0,14.64551926,3.90E-05,0.100159265,1.019122839,-19.75896263
Sad,0,16.3230648,3.03E-05,0.105412498,1.48862195,-20.14902115
Sad,0,18.45093727,2.13E-05,0.103097506,2.022179127,-20.12502289
Sad,0,18.8982029,1.74E-05,0.101660043,2.836158991,-19.80510521
Sad,0,20.47896385,1.42E-05,0.097242028,3.711279392,-20.23374176
Sad,0,21.71959877,1.20E-05,0.088095911,4.601769924,-19.66534805
Sad,0,21.16640472,1.21E-05,0.094310157,7.251740932,-19.15672493
Sad,0,22.35606194,1.24E-05,0.097003199,10.27807236,-19.04969406
Sad,0,23.44028282,1.13E-05,0.105008066,12.18144989,-20.01542664
Sad,0,23.77746201,1.07E-05,0.102585673,14.49199104,-19.57010651
Sad,0,21.11808014,1.00E-05,0.097511262,16.77750778,-19.61602974
Sad,0,20.46765137,9.48E-06,0.094882563,16.81700325,-19.49073792
Sad,0,20.39093781,9.27E-06,0.101718068,18.753479,-19.2024231
Sad,0,19.14034653,7.83E-06,0.113547221,21.85476494,-19.44706917
Sad,0,18.25606155,6.81E-06,0.115605608,20.51709175,-19.6988163
Sad,0,18.03082466,6.21E-06,0.108924121,21.94231415,-19.68530083
Sad,0,17.33406448,5.33E-06,0.111679494,20.58415031,-19.39160347
Sad,0,18.99578667,4.58E-06,0.112874709,21.94277,-19.41171646
Sad,0,20.87019157,4.10E-06,0.117989309,23.0866394,-18.90593529
Sad,0,22.75065231,4.09E-06,0.120796852,22.81509399,-18.4024334
Sad,0,23.62546349,4.01E-06,0.125263035,26.44016266,-18.6704216
Sad,0,26.32705116,3.73E-06,0.133458078,28.95748711,-18.82669067
Sad,0,26.56615639,3.67E-06,0.128543898,32.51426315,-18.62544632
Sad,0,28.00791931,3.63E-06,0.132218614,34.20999527,-19.0480938
Sad,0,30.09809494,4.10E-06,0.128875867,41.51106644,-18.55304527
Sad,0,32.5562706,4.08E-06,0.136327475,47.53479385,-18.92339897
Sad,0,37.13232422,3.70E-06,0.149037004,50.72675705,-18.77721977
Sad,0,41.75988007,3.95E-06,0.16624856,53.43238831,-18.77153587
Sad,0,50.76807404,4.05E-06,0.195718095,54.12944031,-18.96129036
Sad,0,58.06627274,4.42E-06,0.220648587,55.20389557,-18.5293026
Sad,0,64.23163605,4.78E-06,0.281719178,57.62714386,-18.3324604
Sad,0,69.95323181,5.72E-06,0.362255126,52.35380936,-18.87337494
Sad,0,72.83973694,7.23E-06,0.452478558,49.72710037,-18.44698524
Sad,0,73.99623108,9.53E-06,0.542687893,38.84903336,-18.01184845
Sad,0,76.13452148,1.14E-05,0.640974343,32.58586502,-18.47502136
Sad,0,76.85322571,1.45E-05,0.772158742,25.46622086,-17.54353714
Sad,0,77.07931519,1.92E-05,0.887198448,17.35810852,-18.18465233
Sad,0,77.28839874,2.15E-05,1.215053439,12.2083168,-17.59698677
Sad,0,77.51953125,2.67E-05,1.513268948,7.044555664,-16.9027462
Sad,0,78.82608795,3.41E-05,1.973147392,4.22198534,-16.18138123
Sad,0,79.06534576,4.13E-05,2.746376276,2.4968431,-16.96751785
Sad,0,81.23171234,5.10E-05,3.723682165,1.314626575,-16.08161163
Sad,0,80.93692017,5.64E-05,4.916227818,0.843453705,-16.07688332
Sad,0,80.19638824,6.58E-05,6.404606342,0.510280728,-16.43420219
Sad,0,79.82874298,7.40E-05,7.548137188,0.326313972,-15.56175232
Sad,0,78.76136017,8.69E-05,10.34712029,0.204980016,-15.88271523
Sad,0,77.07038116,9.86E-05,11.69545841,0.149730474,-15.17990589
Sad,0,74.57372284,0.000115004,14.36298561,0.130782574,-14.86874771
Sad,0,70.87993622,0.000126132,15.74638367,0.10074649,-15.92275906
Sad,0,65.86380768,0.000132151,20.33581734,0.097241938,-15.12407112
Sad,0,60.91093826,0.000122622,24.35010719,0.084703214,-15.15328026
Sad,0,56.06905365,0.000110421,28.54096603,0.07797502,-15.21120548
Sad,0,49.33183289,0.00010112,32.40390015,0.066699401,-14.86054325
Sad,0,45.78859329,0.000100247,33.06795502,0.057203006,-14.54376125
Sad,0,40.29671097,9.56E-05,35.53144836,0.05105513,-14.49657631
Sad,0,34.36613083,7.97E-05,38.95778275,0.04808151,-15.11413288
Sad,0,27.45729065,7.66E-05,40.2453537,0.042180385,-14.53928661
Sad,0,19.80086327,7.69E-05,41.85378265,0.041714355,-14.10144615
Sad,0,15.282691,7.02E-05,42.6613121,0.039822448,-14.8279562
Sad,0,9.392354965,6.95E-05,42.95052338,0.041588292,-15.18434715
Sad,0,6.307465553,6.38E-05,42.88413239,0.042974971,-15.82433414
Sad,0,4.01089859,6.01E-05,43.2027359,0.050848648,-12.77520084
Sad,0,2.647909641,4.82E-05,45.12947083,0.059956875,-12.6667223
Fearful,1,0.276526481,2.844834089,0.325488061,0.059046105,-13.76459312
Fearful,1,0.266614914,3.007633448,0.318225831,0.037894592,-13.55423641
Fearful,1,0.252630651,3.180046082,0.303625286,0.08451049,-13.40565395
Fearful,1,0.33669439,3.48993516,0.313501328,0.072952837,-14.95565224
Fearful,1,0.36178264,4.313100815,0.378671318,0.067825481,-14.69940758
Fearful,1,0.270422876,5.30606842,0.37912038,0.069399588,-15.00242138
Fearful,1,0.300099701,5.533178806,0.403592646,0.069426842,-14.53949928
Fearful,1,0.256280601,6.043442249,0.454811037,0.070536993,-14.92769432
Fearful,1,0.266849577,6.291441917,0.487267017,0.063938431,-14.05600262
Fearful,1,0.242492467,7.064692497,0.548003376,0.070391275,-14.47697163
Fearful,1,0.246909723,8.182691574,0.589374483,0.079742379,-14.5884285
Fearful,1,0.317702621,8.397809029,0.513970852,0.087875426,-14.55103302
Fearful,1,0.277661741,10.1614151,0.527020574,0.101365842,-14.32319641
Fearful,1,0.308274537,10.9274044,0.466534197,0.106094047,-15.0287056
Fearful,1,0.291521758,12.06099033,0.406559795,0.112638079,-14.80546665
Fearful,1,0.255833507,14.14399815,0.379887432,0.134671062,-15.33942318
Fearful,1,0.234592751,17.16657448,0.347926527,0.168545917,-15.91038609
Fearful,1,0.217130587,20.71938515,0.357418746,0.240937024,-15.76132774
Fearful,1,0.198464558,23.99133873,0.359304935,0.272654444,-15.30898094
Fearful,1,0.19762142,27.23323822,0.376972347,0.349732935,-15.64084816
Fearful,1,0.186687097,31.05329704,0.352828711,0.476506263,-15.12783909
Fearful,1,0.17193681,34.66502762,0.349372506,0.636865318,-15.43167019
Fearful,1,0.156947657,37.84886551,0.336711973,0.776107967,-15.63667965
Fearful,1,0.140821651,40.59164047,0.299832612,0.88810122,-16.09358025
Fearful,1,0.137453482,42.61074066,0.29649508,1.119993567,-14.60216618
Fearful,1,0.131878793,44.75640869,0.286964357,1.19622314,-14.48308468
Fearful,1,0.123834901,46.28490067,0.270784616,1.269396663,-14.15429878
Fearful,1,0.106437899,45.61839676,0.26722613,1.532069921,-15.26398849
Fearful,1,0.100110747,45.28942108,0.261511385,1.61331296,-14.92284966
Fearful,1,0.097036146,44.54225922,0.291526735,1.920582414,-15.0274744
Fearful,1,0.087317504,43.52240753,0.346964836,2.602430582,-14.10671616
Fearful,1,0.076963507,44.89763641,0.38117519,4.222043991,-14.26501656
Fearful,1,0.072013363,45.07441711,0.423461854,7.62105751,-14.45706367
Fearful,1,0.063564911,45.94091034,0.366959661,13.44103527,-14.70506477
Fearful,1,0.05695897,46.79940033,0.319666624,21.3174324,-13.66100025
Fearful,1,0.055060089,47.53740311,0.294258893,31.95976448,-14.7286644
Fearful,1,0.056723028,47.80727005,0.278298616,42.87187958,-13.76309967
Fearful,1,0.05234715,49.00709915,0.252427548,53.58096313,-14.41646194
Fearful,1,0.049933512,49.47693253,0.255228132,64.26618195,-13.90876198
Fearful,1,0.048604108,50.96310043,0.232340574,78.08834839,-14.33818626
Fearful,1,0.047077727,51.44766235,0.203534573,86.69319153,-15.09322357
Fearful,1,0.044553194,52.4115715,0.175551668,91.95107269,-15.05212688
Fearful,1,0.03980742,53.52841568,0.154483154,95.38700867,-16.165205
Fearful,1,0.040971316,51.91056824,0.16331248,97.08086395,-15.90241718
Fearful,1,0.039610293,51.46007919,0.149849012,98.36759186,-17.00200653
Fearful,1,0.039554577,50.37859726,0.149963781,99.09596252,-15.85492134
Fearful,1,0.042345565,47.6437912,0.138180226,99.37421417,-15.81702614
Fearful,1,0.045466796,43.60444641,0.131457061,99.38292694,-16.08034706
Fearful,1,0.048845924,39.35984421,0.129844517,99.3234787,-15.94396877
Fearful,1,0.05451449,34.86125946,0.149350271,99.25202942,-15.79747486
Fearful,1,0.05940526,30.2346096,0.167013407,99.26222229,-15.514575
Fearful,1,0.061458763,26.75607681,0.192233279,99.21648407,-15.87349987
Fearful,1,0.068478256,22.79537392,0.19215937,99.20917511,-15.56442165
Fearful,1,0.076883279,19.27271461,0.211285636,99.20267487,-15.02409744
Fearful,1,0.086683251,16.84632683,0.212460533,99.26774597,-15.39621639
Fearful,1,0.102770902,14.45498466,0.242645577,99.19527435,-14.76188087
Fearful,1,0.114187233,12.66940498,0.240686744,99.07098389,-14.70765972
Fearful,1,0.127794594,10.90215492,0.276447594,99.13851166,-14.66133785
Fearful,1,0.155457348,10.1925745,0.34003365,99.15233612,-14.40609455
Fearful,1,0.191258669,8.61034584,0.367117286,99.08145905,-15.13897419
Fearful,1,0.203637272,8.070070267,0.438885331,98.98725128,-14.22481537
Fearful,1,0.266435564,6.945255756,0.464837849,98.68840027,-14.21155453
Fearful,1,0.33949098,6.112970829,0.470642686,98.4775238,-14.05435181
Fearful,1,0.378857344,5.925994396,0.490992367,98.44924164,-14.45676994
Fearful,1,0.474117965,5.06291008,0.501900375,98.32371521,-14.66821194
Fearful,1,0.558483005,4.390550137,0.522628486,98.06536102,-14.75640869
Fearful,1,0.613453031,3.666944981,0.537840426,97.75392151,-15.5150032
Fearful,1,0.679172933,3.212188482,0.507290363,97.76861572,-14.46860504
Fearful,1,0.831330121,2.684821844,0.517655611,97.58259583,-14.51721001
Fearful,1,0.964472294,2.268292189,0.491046876,97.65400696,-14.94442654
Fearful,1,1.01198113,1.842524052,0.426742166,97.48513031,-15.45251369
Fearful,1,1.27276814,1.450638771,0.430348903,97.28329468,-15.32943058
Fearful,1,1.584214926,1.093825102,0.518924296,97.27752686,-14.41141891
Fearful,1,1.742999434,0.808280051,0.506764531,96.45344543,-14.72916794
Fearful,1,2.16088438,0.649230123,0.45238322,95.63079071,-14.55431175
Fearful,1,2.363318682,0.51250273,0.459922642,95.41714478,-14.58541775
Fearful,1,2.809096575,0.418858379,0.430775315,95.19661713,-15.11944294
Fearful,1,3.112254381,0.361369669,0.426439971,95.82142639,-15.31827736
Fearful,1,3.29518342,0.310266018,0.409913301,96.23066711,-15.1583395
Fearful,1,3.590855122,0.248269945,0.395215094,95.5752182,-14.57174206
Fearful,1,3.875377655,0.203100249,0.388878196,94.41486359,-14.48457527
Fearful,1,3.829987288,0.171424329,0.368364692,94.2872467,-14.75066948
Fearful,1,4.247778893,0.138980001,0.357795238,93.80381775,-14.17142296
Fearful,1,4.853336811,0.118651971,0.381637156,92.51374817,-14.45355988
Fearful,1,5.857679844,0.103850834,0.370113254,91.28007507,-14.87076092
Fearful,1,7.297353268,0.089267507,0.405331761,89.64089966,-14.55524254
Fearful,1,8.491527557,0.08153066,0.502376914,87.4307251,-14.14675236
Fearful,1,10.31424046,0.073451929,0.566809654,87.6736145,-14.55491924
Fearful,1,13.02923107,0.061582457,0.560560167,86.0936203,-14.4905653
Fearful,1,16.26831245,0.047311187,0.612284243,86.95400238,-12.9240036
Fearful,1,17.42798805,0.037570551,0.685715318,83.95129395,-13.21299458
Fearful,1,20.49979019,0.024320247,0.723733664,81.30368805,-13.45988655
Fearful,1,22.71311188,0.017785246,0.698511004,72.38304901,-14.92074966
Fearful,1,23.03793335,0.011652656,0.73238498,57.78992844,-14.36549759
Fearful,1,25.06912804,0.006794199,0.768577814,43.80981445,-13.41827393
Fearful,1,26.50522423,0.004830818,0.870551467,35.05124283,-13.20966053
Fearful,1,28.82769775,0.003292805,0.984412372,25.29374313,-13.316185
Fearful,1,31.31136131,0.002580227,1.103423595,17.32139397,-13.00869274
Fearful,1,34.86007309,0.001832597,1.266596913,11.83635998,-13.63543129
Fearful,1,37.01575851,0.001249882,1.35913074,7.531742096,-13.59003353
Fearful,1,37.16532516,0.000868607,1.690563083,5.173121929,-12.91327572
Fearful,1,39.63233948,0.000618671,1.890779257,3.263380051,-13.80816174
Fearful,1,35.56085968,0.000438337,2.08673048,1.927096248,-13.31002522
Fearful,1,35.88592148,0.000343025,2.213187933,0.995364964,-14.00409317
Fearful,1,39.48299026,0.000279392,2.384694576,0.596339166,-13.69893742
Fearful,1,39.84521484,0.000230235,2.475572586,0.311477482,-14.96923923
Fearful,1,44.47200394,0.000179259,2.461240053,0.218711078,-14.14996243
Fearful,1,50.65220642,0.000127972,2.304461718,0.124622658,-15.20499325
Fearful,1,56.90091324,9.28E-05,2.476673841,0.101483442,-14.48418427
Fearful,1,61.71689987,6.78E-05,2.307976723,0.091178887,-14.76174259
Fearful,1,64.23767853,4.85E-05,2.616731644,0.075744845,-13.53344536
Fearful,1,68.14186859,3.46E-05,2.71220088,0.066870905,-14.34574509
Fearful,1,73.27957153,2.39E-05,2.872536421,0.066001743,-14.16085243
Fearful,1,76.53292847,1.73E-05,3.22074461,0.058631174,-13.68818665
Fearful,1,77.93225861,1.25E-05,3.565511465,0.055478178,-13.55734158
Fearful,1,79.01436615,8.86E-06,3.642486811,0.059480526,-14.15586185
Fearful,1,78.37386322,5.85E-06,3.824938536,0.057213526,-13.56032276
Fearful,1,77.82276154,4.44E-06,4.02649498,0.061593667,-14.21064854
Fearful,1,77.86693573,3.22E-06,3.686324358,0.060087021,-14.54978657
Fearful,1,75.80867004,2.87E-06,3.490479708,0.064518668,-15.10741043
Fearful,1,73.13484192,2.94E-06,3.573256493,0.071917549,-14.62564278
Fearful,1,70.04398346,3.77E-06,4.149774551,0.079131812,-14.42802715
Fearful,1,65.60475922,5.01E-06,4.945701122,0.06653592,-14.18869591
Fearful,1,57.59635162,7.31E-06,6.711746693,0.084558859,-14.81089497
Fearful,1,53.02633286,1.21E-05,7.932410717,0.111592285,-14.25020885
Fearful,1,46.17942429,2.08E-05,9.715882301,0.151080057,-14.02268696
Fearful,1,41.04154587,3.25E-05,10.3021946,0.228889853,-13.76884747
Fearful,1,33.67147064,4.41E-05,11.59307098,0.343339503,-12.3024559
Fearful,1,26.65793228,4.60E-05,12.5062151,0.468999803,-12.08371067
Fearful,1,20.28925514,5.39E-05,13.65354633,0.52263695,-11.7327795
Fearful,1,15.19503117,6.54E-05,14.55072784,0.608378172,-10.9096632
Fearful,1,12.78575134,7.87E-05,15.63878632,0.706426382,-11.00351906
Fearful,1,10.9482708,9.39E-05,16.75541496,0.741852105,-10.49093533
Fearful,1,9.265127182,0.000103517,18.40833855,0.783490002,-10.70689869
Fearful,1,7.369897366,0.000113954,22.24817848,0.980148852,-10.55164909
Fearful,1,4.889159679,0.000123238,26.75420761,1.17474401,-11.31830215
Fearful,1,3.104570866,0.000118106,29.64586258,1.371482253,-10.58906269
Fearful,1,1.954759121,0.000138144,31.02559471,1.806558013,-11.86101246
Fearful,1,1.073336005,0.000156421,31.21541214,2.616290569,-11.40375233
Fearful,1,0.663074017,0.000192361,32.39755249,2.678677082,-12.0758009
Fearful,1,0.378838629,0.000220378,33.4239502,2.539504766,-11.36505985
Fearful,1,0.217711568,0.000247227,37.53293991,2.053040266,-11.42339039
Fearful,1,0.123616949,0.000299404,40.19674683,1.470455289,-12.04672432
Fearful,1,0.071557336,0.00038809,41.78652954,0.950527608,-10.88459206
Fearful,1,0.041642461,0.000443302,45.52769089,0.758651972,-11.19776917
Fearful,1,0.026256356,0.000518264,48.77405548,0.721276104,-10.77118111
Fearful,1,0.015414188,0.000607241,50.35912704,0.709843099,-11.67054749
Fearful,1,0.010092811,0.000769982,51.26796341,0.628317297,-11.73435593
Fearful,1,0.006254811,0.000790501,52.22678757,0.59710741,-10.87592697
Fearful,1,0.003911834,0.00088535,54.21290588,0.498809576,-10.93306351
Fearful,1,0.002637318,0.000868079,54.62992859,0.402624339,-11.32845879
Fearful,1,0.001984983,0.000873874,56.8612442,0.308616787,-11.60646915
Fearful,1,0.001702231,0.000778534,58.70621109,0.249614358,-11.34239578
Fearful,1,0.001444495,0.000776886,60.89709854,0.203319386,-11.86161995
Fearful,1,0.001424462,0.000769327,61.76601028,0.177274838,-12.0502882
Fearful,1,0.001404528,0.000672269,63.4486084,0.177744627,-12.11281013
Fearful,1,0.001489669,0.000577318,64.8603363,0.161461636,-12.24904823
Fearful,1,0.001471542,0.000509043,61.07904434,0.1713209,-12.89013958
Fearful,1,0.001426978,0.000488166,61.08983231,0.209786341,-12.82354069
Fearful,1,0.001479356,0.000572858,61.69019318,0.232757419,-12.83673668
Fearful,1,0.001394726,0.000611836,59.90816116,0.233394533,-12.67778778
Fearful,1,0.001406407,0.000698266,55.09360504,0.252652526,-12.65222263
Fearful,1,0.001480542,0.000778713,55.52562332,0.241267562,-11.81405163
Fearful,1,0.001483428,0.000900222,56.3348999,0.218501493,-12.30380249
Fearful,1,0.00159427,0.001133,57.50059891,0.233267665,-11.74849319
Fearful,1,0.00155324,0.001298459,57.70158386,0.216844097,-12.59663486
Fearful,1,0.001842582,0.001613452,57.16117859,0.2246591,-12.50853157
Fearful,1,0.002138952,0.001860742,57.48159409,0.23973,-11.50253677
Fearful,1,0.002527579,0.001829988,54.81279373,0.26412183,-11.83338833
Fearful,1,0.002712023,0.002305843,51.90837479,0.322902173,-12.02999878
Fearful,1,0.002545499,0.002398535,48.78155136,0.445331126,-12.32533836
Fearful,1,0.002436075,0.002311032,46.75414276,0.468270481,-11.10974216
Fearful,1,0.00240985,0.002272747,48.56246185,0.54333657,-12.48907185
Fearful,1,0.00217829,0.002084949,54.79688263,0.716604471,-12.58360291
Fearful,1,0.002367102,0.002291981,58.71036911,0.838567376,-10.21846581
Fearful,1,0.002876919,0.002266859,59.05619812,1.265651584,-11.50745296
Fearful,1,0.003166537,0.002079481,60.07040024,1.881184459,-10.71286106
Fearful,1,0.004065672,0.001858742,65.29123688,2.791106701,-10.49248886
Fearful,1,0.00455632,0.001460157,70.29309845,3.946933031,-9.914963722
Fearful,1,0.005542975,0.001268307,75.6038208,5.043870449,-10.35971165
Fearful,1,0.006338248,0.000941551,79.16702271,6.255058765,-10.10104561
Fearful,1,0.007677783,0.000758387,82.08343506,8.288543701,-10.06727695
Fearful,1,0.008831252,0.000593796,84.24986267,9.608363152,-9.369321823
Fearful,1,0.009949446,0.000481709,85.3094101,11.9588995,-10.33928204
Fearful,1,0.010859236,0.000409331,86.98985291,16.51032829,-10.25806236
Fearful,1,0.011445871,0.000355807,88.19274902,20.1562748,-10.63115406
Fearful,1,0.01156848,0.000342251,89.10785675,25.0592823,-11.67290497
Fearful,1,0.012351371,0.000324029,88.57073975,39.63905334,-10.65480042
Fearful,1,0.012586294,0.000282492,85.85564423,50.94187164,-11.2986021
Fearful,1,0.01408115,0.000266162,80.39622498,56.98996353,-11.34434891
Fearful,1,0.014642836,0.000221673,74.68294525,62.82784653,-11.38516808
Fearful,1,0.017609162,0.000198549,67.62030792,65.93864441,-10.77820778
Fearful,1,0.022422303,0.000157995,59.86199188,71.49728394,-11.15920639
Fearful,1,0.02862547,0.000123336,50.96725082,75.03575134,-11.47754097
Fearful,1,0.034244344,9.54E-05,38.24583435,76.62592316,-12.04839134
Fearful,1,0.047348861,8.32E-05,26.95463753,81.86367798,-11.89690208
Fearful,1,0.067334421,6.74E-05,17.66277122,84.73205566,-12.54942226
Fearful,1,0.095973268,4.83E-05,11.70407486,88.61135101,-13.06364536
Fearful,1,0.1645253,3.94E-05,7.232729435,91.39093781,-13.554533
Fearful,1,0.29535073,3.09E-05,4.097923279,92.48751831,-13.57739544
Fearful,1,0.629560053,1.90E-05,2.294897556,90.48539734,-14.05067062
Fearful,1,1.482025385,1.18E-05,1.417265892,88.53352356,-14.5418911
Fearful,1,3.890056372,8.33E-06,0.786499619,82.10341644,-15.1012516
Fearful,1,8.473778725,7.09E-06,0.435743719,69.43231201,-15.30353737
Fearful,1,17.830019,6.33E-06,0.303229898,57.15759277,-14.78380966
Fearful,1,28.31886864,4.40E-06,0.25094074,47.4574585,-15.96134472
Fearful,1,38.86725616,3.60E-06,0.207108691,33.95038986,-15.48945522
Fearful,1,47.41408539,3.54E-06,0.190361813,26.75463486,-16.23462105
Fearful,1,51.02200317,3.61E-06,0.185504138,18.60674095,-15.47129059
Fearful,1,55.31045532,3.82E-06,0.168374151,13.76906586,-15.39896393
Fearful,1,59.3245163,4.34E-06,0.147712559,11.2027874,-14.92404366
Fearful,1,61.76163864,5.18E-06,0.137457669,8.423636436,-14.9219141
Fearful,1,62.33139801,5.44E-06,0.139879078,6.176326752,-13.63609505
Fearful,1,62.88806534,5.57E-06,0.139551491,5.007681847,-13.70798302
Fearful,1,64.60647583,5.30E-06,0.139555216,4.446271896,-13.91519642
Fearful,1,67.26874542,4.35E-06,0.178426564,3.979549646,-12.92794228
Fearful,1,67.94976044,3.19E-06,0.244068727,4.023252964,-12.81722355
Fearful,1,68.70998383,2.31E-06,0.278365046,4.17880249,-13.57499027
Fearful,1,66.91146088,1.83E-06,0.413132846,5.167742729,-12.62488937
Fearful,1,65.6914444,1.50E-06,0.576121867,5.810408115,-13.11340237
Fearful,1,64.6269989,1.16E-06,0.727687299,6.418089867,-12.25805759
Fearful,1,63.59063339,9.43E-07,0.905276597,7.2029562,-12.73749065
Fearful,1,60.62042236,7.26E-07,1.061092138,8.866183281,-11.87018013
Fearful,1,54.59329987,5.62E-07,1.323943853,8.889352798,-12.01890755
Fearful,1,48.77697754,4.93E-07,1.429308176,8.314045906,-11.71893024
Fearful,1,42.7656517,4.00E-07,1.677433491,7.695109844,-12.52162266
Fearful,1,38.13696289,3.12E-07,2.045547962,6.303256512,-11.2759819
Fearful,1,31.33342552,2.67E-07,2.429620504,5.193443775,-12.05256462
Fearful,1,24.83349037,2.45E-07,2.698661089,4.568105698,-11.61678505
Fearful,1,16.41807175,2.19E-07,2.988902807,4.21561718,-10.45123577
